City_ID,City,Lat,Lng,Max Temp,Humidity,Cloudiness,Wind Speed,Country,Date
0,Albany,42.6001,-73.9662,33.01,60,23,5.48,US,2021-01-22 02:00:07
1,Cape Town,-33.9258,18.4232,64.99,82,0,3.44,ZA,2021-01-22 01:57:53
2,Severo-Kurilsk,50.6789,156.125,21.49,90,60,3.91,RU,2021-01-22 02:00:30
3,Talcahuano,-36.7167,-73.1167,57.2,94,75,11.5,CL,2021-01-22 02:00:30
4,Souillac,-20.5167,57.5167,78.8,78,40,5.75,MU,2021-01-22 02:00:30
5,Klaksvik,62.2266,-6.589,35.6,69,75,24.16,FO,2021-01-22 02:00:30
6,Kieta,-6.2167,155.6333,85.91,55,89,9.37,PG,2021-01-22 02:00:30
7,Norman Wells,65.282,-126.8329,5.0,85,90,2.3,CA,2021-01-22 02:00:30
8,Beidao,34.5686,105.8933,40.93,50,23,2.93,CN,2021-01-22 02:00:30
9,Asyut,27.181,31.1837,42.8,87,0,6.91,EG,2021-01-22 02:00:31
10,Yerbogachen,61.2767,108.0108,-46.28,77,59,4.21,RU,2021-01-22 02:00:31
11,Lieksa,63.3167,30.0167,13.03,96,100,20.8,FI,2021-01-22 02:00:31
12,Rocha,-34.4833,-54.3333,64.35,93,0,6.69,UY,2021-01-22 02:00:26
13,Codrington,-38.2667,141.9667,69.96,50,89,11.56,AU,2021-01-22 02:00:32
14,Bodden Town,19.2833,-81.25,77.0,83,20,13.8,KY,2021-01-22 02:00:32
15,Avera,33.194,-82.5271,57.2,97,90,5.75,US,2021-01-22 02:00:32
16,Barrow,71.2906,-156.7887,1.4,78,90,24.16,US,2021-01-22 02:00:32
17,Kodiak,57.79,-152.4072,41.0,87,90,14.97,US,2021-01-22 02:00:33
18,Busselton,-33.65,115.3333,84.0,49,0,4.0,AU,2021-01-22 02:00:33
19,Iralaya,15.0,-83.2333,77.07,88,0,9.78,HN,2021-01-22 02:00:33
20,Hami,42.8,93.45,21.04,77,0,3.47,CN,2021-01-22 02:00:33
21,Kanniyakumari,8.0833,77.5667,78.93,79,24,13.27,IN,2021-01-22 02:00:34
22,Namibe,-15.1961,12.1522,72.91,75,100,7.49,AO,2021-01-22 02:00:34
23,Hilo,19.7297,-155.09,71.6,78,90,4.61,US,2021-01-22 01:58:07
24,Jamestown,42.097,-79.2353,35.01,75,90,19.57,US,2021-01-22 02:00:14
25,Quimper,48.0,-4.1,37.4,100,0,4.61,FR,2021-01-22 02:00:35
26,Ponta Do Sol,32.6667,-17.1,61.0,83,64,3.0,PT,2021-01-22 02:00:35
27,Murgud,16.4,74.2,68.38,55,0,1.61,IN,2021-01-22 02:00:35
28,Yar-Sale,66.8333,70.8333,-35.97,83,100,8.03,RU,2021-01-22 02:00:35
29,Pemba,-12.974,40.5178,78.8,94,90,10.36,MZ,2021-01-22 02:00:36
30,Harvard,42.4222,-88.6137,30.99,78,68,14.88,US,2021-01-22 02:00:36
31,Komsomolskiy,40.4272,71.7189,35.6,64,75,39.12,UZ,2021-01-22 02:00:36
32,Punta Arenas,-53.15,-70.9167,46.4,76,75,24.16,CL,2021-01-22 02:00:36
33,Iqaluit,63.7506,-68.5145,30.2,74,75,19.57,CA,2021-01-22 02:00:37
34,Puerto Ayora,-0.7393,-90.3518,77.0,92,93,4.0,EC,2021-01-22 02:00:37
35,Pangai,-19.8,-174.35,82.4,83,90,5.75,TO,2021-01-22 02:00:38
36,Avarua,-21.2078,-159.775,86.0,66,66,6.91,CK,2021-01-22 02:00:38
37,Port Alfred,-33.5906,26.891,64.99,95,0,8.88,ZA,2021-01-22 02:00:38
38,Saskylakh,71.9167,114.0833,-17.52,87,100,10.76,RU,2021-01-22 02:00:38
39,Tilichiki,60.4667,166.1,-3.57,93,100,8.75,RU,2021-01-22 02:00:38
40,Greystones,53.1408,-6.0631,36.0,89,1,1.01,IE,2021-01-22 02:00:38
41,Nanortalik,60.1432,-45.2371,23.23,88,0,4.43,GL,2021-01-22 02:00:39
42,Coquimbo,-29.9533,-71.3436,60.8,82,75,12.66,CL,2021-01-22 02:00:39
43,Mataura,-46.1927,168.8643,62.01,78,90,18.01,NZ,2021-01-22 02:00:39
44,Hithadhoo,-0.6,73.0833,81.97,73,38,8.55,MV,2021-01-22 02:00:39
45,Flinders,-34.5833,150.8552,88.0,59,7,3.0,AU,2021-01-22 01:55:56
46,Narsaq,60.9167,-46.05,23.0,54,0,2.3,GL,2021-01-22 02:00:39
47,Grindavik,63.8424,-22.4338,28.4,74,75,24.16,IS,2021-01-22 02:00:40
48,New Norfolk,-42.7826,147.0587,72.0,47,97,3.0,AU,2021-01-22 02:00:40
49,Upernavik,72.7868,-56.1549,25.77,98,100,9.91,GL,2021-01-22 02:00:40
50,Yellowknife,62.456,-114.3525,-14.8,76,75,4.61,CA,2021-01-22 02:00:08
51,Kaduna,10.5222,7.4383,65.79,26,52,10.98,NG,2021-01-22 02:00:40
52,Provideniya,64.3833,-173.3,26.6,93,90,17.9,RU,2021-01-22 02:00:40
53,Rikitea,-23.1203,-134.9692,79.12,71,3,14.09,PF,2021-01-22 02:00:41
54,Acireale,37.6125,15.1663,53.01,93,20,8.05,IT,2021-01-22 01:57:06
55,Sur,22.5667,59.5289,67.57,54,0,1.88,OM,2021-01-22 02:00:41
56,Pachino,36.7186,15.0907,48.99,100,40,1.14,IT,2021-01-22 02:00:41
57,Mar Del Plata,-38.0023,-57.5575,72.0,94,0,4.61,AR,2021-01-22 01:58:35
58,Butaritari,3.0707,172.7902,79.99,80,43,13.87,KI,2021-01-22 02:00:42
59,Prudyanka,50.2361,36.1683,28.4,100,90,6.71,UA,2021-01-22 02:00:42
60,Kapaa,22.0752,-159.319,78.8,69,40,16.11,US,2021-01-22 02:00:42
61,Gizo,-8.103,156.8419,85.1,63,33,11.5,SB,2021-01-22 02:00:42
62,Ushuaia,-54.8,-68.3,50.0,57,40,5.75,AR,2021-01-22 02:00:29
63,Olinda,-8.0089,-34.8553,77.0,78,40,8.05,BR,2021-01-22 02:00:42
64,Bukachacha,52.9833,116.9167,-8.97,84,31,0.49,RU,2021-01-22 02:00:43
65,Ballina,-28.8667,153.5667,80.6,57,40,12.66,AU,2021-01-22 02:00:43
66,Beloha,-25.1667,45.05,77.9,85,59,6.8,MG,2021-01-22 02:00:43
67,Nome,64.5011,-165.4064,28.4,86,1,11.5,US,2021-01-22 02:00:43
68,Yeppoon,-23.1333,150.7333,87.8,33,4,11.5,AU,2021-01-22 02:00:44
69,Upata,8.0086,-62.3989,78.01,75,87,3.0,VE,2021-01-22 02:00:44
70,Ler,8.3018,30.1418,70.63,32,3,6.67,SS,2021-01-22 02:00:44
71,Ilulissat,69.2167,-51.1,15.8,57,20,2.3,GL,2021-01-22 02:00:44
72,Riyadh,24.6877,46.7219,44.6,42,0,11.5,SA,2021-01-22 01:58:29
73,Hambantota,6.1241,81.1185,77.14,85,43,11.81,LK,2021-01-22 02:00:45
74,Pecos,31.4229,-103.4932,59.0,63,75,6.91,US,2021-01-22 02:00:45
75,Airai,-8.9266,125.4092,74.28,75,31,3.31,TL,2021-01-22 02:00:45
76,Carnarvon,-24.8667,113.6333,82.4,78,90,12.66,AU,2021-01-22 02:00:45
77,Hermanus,-34.4187,19.2345,68.0,79,0,9.62,ZA,2021-01-22 02:00:46
78,Lucapa,-8.4192,20.7447,65.71,98,100,2.28,AO,2021-01-22 02:00:46
79,Thompson,55.7435,-97.8558,-9.4,77,90,2.3,CA,2021-01-22 02:00:46
80,Mahebourg,-20.4081,57.7,78.8,78,40,5.75,MU,2021-01-22 02:00:46
81,Vaini,-21.2,-175.2,86.0,79,75,14.97,TO,2021-01-22 02:00:46
82,Katsuura,35.1333,140.3,48.99,57,20,4.61,JP,2021-01-22 02:00:47
83,Bluff,-46.6,168.3333,62.01,78,81,18.01,NZ,2021-01-22 02:00:47
84,Acarau,-2.8856,-40.12,78.58,82,100,11.03,BR,2021-01-22 01:57:39
85,Taoudenni,22.6783,-3.9836,61.61,26,1,11.5,ML,2021-01-22 02:00:47
86,Muros,42.7762,-9.0603,53.01,75,100,23.0,ES,2021-01-22 02:00:47
87,Umm Lajj,25.0213,37.2685,66.85,29,10,14.72,SA,2021-01-22 02:00:48
88,Bredasdorp,-34.5322,20.0403,68.0,88,21,3.44,ZA,2021-01-22 02:00:48
89,Faanui,-16.4833,-151.75,81.59,72,7,17.63,PF,2021-01-22 02:00:48
90,Atuona,-9.8,-139.0333,78.57,77,84,14.0,PF,2021-01-22 02:00:48
91,Guane,22.2025,-84.0875,64.81,79,2,3.69,CU,2021-01-22 02:00:49
92,Kyren,51.6828,102.1408,14.49,82,0,2.3,RU,2021-01-22 02:00:49
93,Skibbereen,51.55,-9.2667,35.6,87,20,8.05,IE,2021-01-22 02:00:49
94,Hobart,-42.8794,147.3294,72.0,37,75,17.27,AU,2021-01-22 02:00:03
95,Kaitangata,-46.2817,169.8464,64.99,54,62,18.01,NZ,2021-01-22 02:00:49
96,Hasaki,35.7333,140.8333,52.0,53,20,3.44,JP,2021-01-22 02:00:50
97,Chokurdakh,70.6333,147.9167,-41.69,81,42,5.99,RU,2021-01-22 02:00:50
98,East London,-33.0153,27.9116,71.98,84,0,13.62,ZA,2021-01-22 02:00:50
99,Mendoza,-32.8908,-68.8272,84.2,24,0,3.44,AR,2021-01-22 02:00:50
100,Alice Springs,-23.7,133.8833,96.8,9,0,13.8,AU,2021-01-22 02:00:50
101,Leningradskiy,69.3833,178.4167,-13.22,87,100,10.2,RU,2021-01-22 02:00:51
102,Georgetown,5.4112,100.3354,80.6,78,20,3.44,MY,2021-01-22 01:59:28
103,Ribeira Grande,38.5167,-28.7,59.65,71,100,8.5,PT,2021-01-22 02:00:51
104,Pemangkat,1.1667,108.9667,80.56,82,94,5.55,ID,2021-01-22 02:00:51
105,Nizhniy Kuranakh,58.8353,125.4869,-27.67,82,90,0.4,RU,2021-01-22 02:00:51
106,Petrovskoye,57.0104,39.2693,8.8,95,100,5.84,RU,2021-01-22 02:00:52
107,Bengkulu,-3.8004,102.2655,80.64,71,97,5.32,ID,2021-01-22 02:00:52
108,Cherskiy,68.75,161.3,-39.84,81,17,2.08,RU,2021-01-22 02:00:52
109,Mehamn,71.0357,27.8492,20.88,94,100,24.4,NO,2021-01-22 02:00:52
110,Namatanai,-3.6667,152.4333,84.29,59,99,7.78,PG,2021-01-22 02:00:52
111,Koumac,-20.5667,164.2833,79.63,77,100,7.67,NC,2021-01-22 02:00:53
112,Nchelenge,-9.3451,28.734,68.0,89,100,3.38,ZM,2021-01-22 02:00:53
113,Norfolk,42.1668,-71.2495,28.99,80,1,5.77,US,2021-01-22 02:00:53
114,Beringovskiy,63.05,179.3167,-0.78,92,100,5.97,RU,2021-01-22 02:00:53
115,Haines Junction,60.7522,-137.5108,-5.8,77,8,1.14,CA,2021-01-22 02:00:53
116,Pontianak,-0.0333,109.3333,80.6,83,40,4.61,ID,2021-01-22 02:00:53
117,Tessalit,20.1986,1.0114,58.06,30,15,11.3,ML,2021-01-22 02:00:54
118,Geraldton,-28.7667,114.6,86.0,42,0,4.61,AU,2021-01-22 02:00:54
119,Poum,-20.2333,164.0167,79.5,74,100,11.74,NC,2021-01-22 02:00:54
120,Bud,39.447,-86.1758,39.99,52,1,6.91,US,2021-01-22 02:00:54
121,Cockburn Town,21.4612,-71.1419,75.34,81,49,17.65,TC,2021-01-22 02:00:55
122,Tivaouane,14.9515,-16.8129,71.6,46,99,13.8,SN,2021-01-22 02:00:55
123,Nusaybin,37.0778,41.2178,34.18,77,27,6.98,TR,2021-01-22 02:00:55
124,Bacolod,10.6667,122.95,79.59,80,97,2.37,PH,2021-01-22 02:00:55
125,Tasiilaq,65.6145,-37.6368,12.2,67,75,2.3,GL,2021-01-22 02:00:55
126,Tuktoyaktuk,69.4541,-133.0374,-9.4,84,75,16.11,CA,2021-01-22 02:00:55
127,Antakya,36.2066,36.1572,32.0,100,0,4.61,TR,2021-01-22 02:00:56
128,Saint-Philippe,-21.3585,55.7679,80.6,78,0,2.3,RE,2021-01-22 02:00:56
129,Lavrentiya,65.5833,-171.0,23.97,97,100,20.96,RU,2021-01-22 02:00:56
130,Hovd,48.0056,91.6419,5.86,87,100,1.72,MN,2021-01-22 02:00:57
131,Mayo,38.8876,-76.5119,39.99,70,1,8.28,US,2021-01-22 02:00:57
132,Husavik,66.0449,-17.3389,26.6,93,90,16.11,IS,2021-01-22 02:00:57
133,Lompoc,34.6391,-120.4579,57.2,72,0,10.36,US,2021-01-22 02:00:57
134,Yulara,-25.2406,130.9889,100.4,7,8,16.11,AU,2021-01-22 02:00:57
135,Jardim,-21.4803,-56.1381,70.83,92,100,3.51,BR,2021-01-22 02:00:57
136,Turbana,10.2717,-75.4422,78.8,89,0,9.22,CO,2021-01-22 02:00:58
137,Harper,4.375,-7.7169,77.95,87,20,8.23,LR,2021-01-22 02:00:58
138,Sorong,-0.8833,131.25,84.81,71,97,4.5,ID,2021-01-22 02:00:58
139,Alyangula,-13.8483,136.4192,87.8,70,40,3.44,AU,2021-01-22 02:00:58
140,Tuatapere,-46.1333,167.6833,62.01,78,68,18.01,NZ,2021-01-22 02:00:59
141,Santa Rosalia,27.3167,-112.2833,58.48,82,0,1.45,MX,2021-01-22 02:00:59
142,Port Elizabeth,-33.918,25.5701,68.0,94,40,3.44,ZA,2021-01-22 01:56:58
143,Conceicao Da Barra,-18.5933,-39.7322,74.89,79,0,4.16,BR,2021-01-22 02:00:38
144,Turukhansk,65.8167,87.9833,-42.39,74,0,8.14,RU,2021-01-22 02:00:59
145,Itupiranga,-5.1347,-49.3267,77.0,94,0,2.3,BR,2021-01-22 02:00:59
146,Parrita,9.5201,-84.3225,71.6,64,0,8.05,CR,2021-01-22 02:00:59
147,Ixtapa,20.7,-105.2,73.99,83,20,4.61,MX,2021-01-22 01:59:48
148,Qianguo,45.1171,124.8568,5.99,91,0,4.25,CN,2021-01-22 02:01:00
149,Olafsvik,64.8945,-23.7142,28.76,90,22,25.86,IS,2021-01-22 02:01:00
150,Clyde River,70.4692,-68.5914,-2.2,84,1,2.3,CA,2021-01-22 02:01:00
151,Ekibastuz,51.6667,75.3667,-7.92,90,100,9.17,KZ,2021-01-22 02:01:00
152,Elizabeth City,36.2946,-76.2511,45.0,61,1,6.91,US,2021-01-22 02:01:01
153,Mao,39.8885,4.2658,57.2,82,0,9.22,ES,2021-01-22 02:01:01
154,Caernarfon,53.1413,-4.2702,42.8,81,75,18.41,GB,2021-01-22 02:01:01
155,Altus,34.6381,-99.334,44.6,76,1,3.44,US,2021-01-22 02:01:02
156,Castro,-24.7911,-50.0119,64.09,98,100,6.78,BR,2021-01-22 01:58:16
157,Mount Isa,-20.7333,139.5,91.4,46,75,9.22,AU,2021-01-22 02:01:02
158,Melbu,68.5044,14.8297,22.89,85,100,18.21,NO,2021-01-22 02:01:02
159,Ouadda,8.0777,22.4007,66.16,26,76,7.02,CF,2021-01-22 02:01:02
160,Padang,-0.9492,100.3543,82.4,74,20,1.14,ID,2021-01-22 02:01:03
161,Hindaun,26.7167,77.0167,52.02,45,0,2.8,IN,2021-01-22 02:01:03
162,Broome,42.2506,-75.833,33.01,64,90,4.61,US,2021-01-22 02:01:03
163,Sioux Lookout,50.1001,-91.917,-4.0,77,90,14.97,CA,2021-01-22 02:01:03
164,Pimenta Bueno,-11.6725,-61.1936,69.75,97,100,2.24,BR,2021-01-22 01:58:05
165,Richards Bay,-28.783,32.0377,73.18,89,75,3.36,ZA,2021-01-22 01:58:19
166,Balikpapan,-1.2675,116.8289,75.2,94,40,2.3,ID,2021-01-22 02:01:04
167,Tiksi,71.6872,128.8694,-32.55,82,100,18.16,RU,2021-01-22 02:01:04
168,Galveston,29.3669,-94.9669,68.0,94,90,11.5,US,2021-01-22 02:01:04
169,Isiro,2.7739,27.616,62.69,47,20,0.34,CD,2021-01-22 02:01:05
170,Inhambane,-23.865,35.3833,74.35,81,60,10.4,MZ,2021-01-22 02:01:05
171,Hope,33.6671,-93.5916,52.0,77,100,1.01,US,2021-01-22 02:00:06
172,Port Lincoln,-34.7333,135.8667,75.34,38,0,8.41,AU,2021-01-22 02:01:05
173,Rincon,32.296,-81.2354,62.6,77,90,9.22,US,2021-01-22 02:01:05
174,Ibirama,-27.0569,-49.5178,72.0,99,100,2.84,BR,2021-01-22 02:01:05
175,Atar,20.5169,-13.0499,62.92,24,81,10.94,MR,2021-01-22 02:01:06
176,Barkly West,-28.5354,24.5215,69.8,73,0,6.91,ZA,2021-01-22 02:01:06
177,Cabedelo,-6.9811,-34.8339,77.0,88,20,5.75,BR,2021-01-22 02:00:19
178,Kawalu,-7.3817,108.2082,79.16,75,98,2.39,ID,2021-01-22 02:01:06
179,Rawson,-43.3002,-65.1023,75.61,47,0,8.32,AR,2021-01-22 02:00:28
180,Chochola,20.75,-89.8333,73.0,83,1,11.5,MX,2021-01-22 02:01:06
181,Torbay,47.6666,-52.7314,30.99,100,90,25.32,CA,2021-01-22 02:01:07
182,San Patricio,28.017,-97.5169,64.4,100,90,6.91,US,2021-01-22 02:01:07
183,Mirnyy,62.5353,113.9611,-49.45,77,80,2.1,RU,2021-01-22 02:01:07
184,Grand Gaube,-20.0064,57.6608,77.0,80,25,1.99,MU,2021-01-22 02:01:07
185,Frankfurt,50.1167,8.6833,52.0,76,75,18.41,DE,2021-01-22 01:59:06
186,Nikolskoye,59.7035,30.7861,17.6,86,90,11.18,RU,2021-01-22 02:01:07
187,Teguise,29.0605,-13.564,62.6,88,75,6.35,ES,2021-01-22 02:01:08
188,Malanje,-9.5402,16.341,62.26,93,100,4.65,AO,2021-01-22 02:01:08
189,Hamilton,39.1834,-84.5333,42.8,45,1,8.05,US,2021-01-22 02:01:08
190,Kisangani,0.5167,25.2,71.44,77,41,1.59,CD,2021-01-22 02:01:08
191,Chuy,-33.6971,-53.4616,67.91,82,0,9.53,UY,2021-01-22 02:01:09
192,Kysyl-Syr,63.8986,122.7617,-50.31,76,100,2.39,RU,2021-01-22 02:01:09
193,Kavaratti,10.5669,72.642,81.79,72,56,10.22,IN,2021-01-22 02:01:09
194,Phan Thiet,10.9333,108.1,77.58,74,92,3.0,VN,2021-01-22 01:59:53
195,Sitka,57.0531,-135.33,39.2,70,90,10.36,US,2021-01-22 02:01:09
196,Sao Filipe,14.8961,-24.4956,72.84,71,100,8.66,CV,2021-01-22 02:01:09
197,Phalaborwa,-23.943,31.1411,71.6,94,56,6.91,ZA,2021-01-22 02:01:10
198,Todos Santos,23.45,-110.2167,71.01,87,28,1.99,MX,2021-01-22 02:01:10
199,Constantine,36.365,6.6147,42.8,81,20,10.36,DZ,2021-01-22 01:58:14
200,Cayambe,0.05,-78.1333,55.4,94,75,8.05,EC,2021-01-22 02:01:10
201,Manggar,-2.8833,108.2667,81.86,76,65,8.63,ID,2021-01-22 02:01:10
202,Constitucion,-35.3333,-72.4167,57.83,90,12,1.43,CL,2021-01-22 02:01:11
203,Zabolotiv,48.4705,25.2857,38.5,77,100,7.56,UA,2021-01-22 02:01:11
204,Jieshi,22.8134,115.8257,66.99,79,50,3.04,CN,2021-01-22 02:01:11
205,Lages,-27.8161,-50.3261,61.83,97,100,3.76,BR,2021-01-22 02:01:11
206,Tambo,-14.8,-73.9167,37.98,100,100,0.63,PE,2021-01-22 02:01:11
207,Banda Aceh,5.5577,95.3222,78.94,71,51,5.7,ID,2021-01-22 01:58:06
208,Arraial Do Cabo,-22.9661,-42.0278,75.13,90,11,12.35,BR,2021-01-22 02:01:12
209,Jalu,29.0331,21.5482,44.29,60,0,7.56,LY,2021-01-22 02:01:12
210,Ola,59.5833,151.2833,-4.14,77,88,5.5,RU,2021-01-22 02:01:12
211,Biak,-0.9131,122.8766,83.35,69,5,1.61,ID,2021-01-22 02:01:12
212,Acapulco,16.8634,-99.8901,80.6,83,1,3.44,MX,2021-01-22 01:58:57
213,Pag,44.445,15.0575,51.8,87,75,14.97,HR,2021-01-22 02:01:13
214,Zambezi,-13.5432,23.1047,63.7,97,100,3.0,ZM,2021-01-22 02:01:13
215,Tiarei,-17.5333,-149.3333,86.0,58,75,9.22,PF,2021-01-22 02:01:13
216,Plouzane,48.3833,-4.6167,41.0,93,90,2.3,FR,2021-01-22 02:01:13
217,Laguna,38.421,-121.4238,57.0,38,1,3.44,US,2021-01-22 02:01:14
218,Pemberton,50.3164,-122.8027,30.2,64,1,1.81,CA,2021-01-22 02:00:05
219,Lipari,38.4674,14.954,57.0,49,31,14.0,IT,2021-01-22 02:01:14
220,Bandarban,22.1965,92.2262,62.06,78,0,1.88,BD,2021-01-22 02:01:14
221,Bethel,41.3712,-73.414,30.99,80,90,3.31,US,2021-01-22 02:01:14
222,Lebu,-37.6167,-73.65,61.54,80,0,18.41,CL,2021-01-22 02:01:14
223,Sorland,67.667,12.6934,24.22,93,100,40.67,NO,2021-01-22 02:01:15
224,Mansa,29.9833,75.3833,48.52,49,0,4.92,IN,2021-01-22 02:01:15
225,Vorontsovka,50.6132,40.3549,31.08,98,100,11.92,RU,2021-01-22 02:01:15
226,Sechura,-5.5569,-80.8222,74.57,72,49,14.43,PE,2021-01-22 02:01:15
227,Anzio,41.4853,12.6179,57.99,75,99,5.99,IT,2021-01-22 02:01:15
228,Huacho,-11.1067,-77.605,70.52,81,62,8.5,PE,2021-01-22 02:01:16
229,Mongoumba,3.6415,18.5936,68.74,39,0,1.74,CF,2021-01-22 02:01:16
230,San Carlos De Bariloche,-41.1456,-71.3082,71.6,46,0,11.5,AR,2021-01-22 01:57:06
231,Khatanga,71.9667,102.5,-35.21,82,76,3.4,RU,2021-01-22 02:01:16
232,Pancas,-19.225,-40.8514,68.67,85,0,1.48,BR,2021-01-22 02:01:16
233,Champerico,14.3,-91.9167,68.0,92,0,6.46,GT,2021-01-22 02:01:16
234,Susanville,40.4163,-120.653,46.4,31,40,5.75,US,2021-01-22 02:01:17
235,Aykhal,66.0,111.5,-52.83,71,58,3.69,RU,2021-01-22 02:01:17
236,Milas,37.3164,27.7839,39.2,100,75,2.3,TR,2021-01-22 02:01:17
237,Cuddapah,14.4667,78.8167,72.57,85,1,3.24,IN,2021-01-22 02:01:17
238,Atbasar,51.8,68.3333,-15.59,88,9,6.4,KZ,2021-01-22 02:01:17
239,Luganville,-15.5333,167.1667,86.16,71,73,0.51,VU,2021-01-22 02:01:18
240,Puerto Del Rosario,28.5004,-13.8627,62.6,82,0,6.91,ES,2021-01-22 02:01:18
241,Langsa,4.4683,97.9683,77.94,77,89,2.53,ID,2021-01-22 02:01:18
242,Ayan,56.45,138.1667,-15.07,73,100,12.3,RU,2021-01-22 02:01:18
243,Ilo,-17.6394,-71.3375,70.14,81,97,8.43,PE,2021-01-22 02:01:18
244,Buchanan,5.8808,-10.0467,77.58,87,6,4.07,LR,2021-01-22 02:01:19
245,Glazov,58.1394,52.6584,-11.78,90,85,3.42,RU,2021-01-22 02:01:19
246,Baykit,61.67,96.37,-39.75,74,92,4.34,RU,2021-01-22 02:01:19
247,Cap Malheureux,-19.9842,57.6142,77.0,80,29,1.99,MU,2021-01-22 02:01:19
248,Fortuna,40.5982,-124.1573,50.0,87,1,5.75,US,2021-01-22 02:01:19
249,La Sarre,48.8002,-79.1996,13.28,96,99,6.73,CA,2021-01-22 02:01:19
250,Rumonge,-3.9736,29.4386,70.9,79,100,1.99,BI,2021-01-22 02:01:20
251,Esperance,-33.8667,121.9,75.2,57,0,11.5,AU,2021-01-22 01:57:47
252,Dhanera,24.5167,72.0167,54.84,50,0,2.08,IN,2021-01-22 02:01:20
253,Batagay,67.6333,134.6333,-30.44,82,100,2.04,RU,2021-01-22 02:01:20
254,Helong,42.5397,128.9972,29.03,88,34,2.84,CN,2021-01-22 02:01:21
255,Mastic Beach,40.7668,-72.8521,28.4,74,1,13.18,US,2021-01-22 02:01:21
256,La Ronge,55.1001,-105.2842,10.4,72,100,12.66,CA,2021-01-22 02:01:21
257,Dingle,10.9995,122.6711,82.06,78,68,5.19,PH,2021-01-22 02:01:21
258,Vanavara,60.34,102.2797,-32.22,82,100,5.26,RU,2021-01-22 02:01:21
259,Qaanaaq,77.484,-69.3632,11.16,91,85,2.21,GL,2021-01-22 02:01:21
260,Goderich,43.7501,-81.7165,35.6,69,100,21.85,CA,2021-01-22 02:01:21
261,Bowen,-20.0167,148.2333,82.4,54,40,18.41,AU,2021-01-22 02:01:22
262,Oriximina,-1.7656,-55.8661,74.26,89,69,1.12,BR,2021-01-22 02:01:22
263,Tromso,69.6496,18.957,19.4,49,0,8.05,NO,2021-01-22 02:01:22
264,Maceio,-9.6658,-35.7353,73.4,94,40,1.14,BR,2021-01-22 02:01:22
265,Bambous Virieux,-20.3428,57.7575,78.8,78,40,5.75,MU,2021-01-22 02:01:22
266,Arlit,18.7369,7.3853,59.65,30,0,6.6,NE,2021-01-22 02:01:23
267,Khorixas,-20.3667,14.9667,65.03,69,100,7.63,NA,2021-01-22 02:01:23
268,Gisborne,-38.6533,178.0042,72.0,49,1,5.01,NZ,2021-01-22 02:01:23
269,Gambela,8.25,34.5833,73.67,43,51,2.46,ET,2021-01-22 02:01:23
270,Manakara,-22.1333,48.0167,78.19,92,93,5.75,MG,2021-01-22 02:01:23
271,Adrar,20.5022,-10.0711,61.05,26,65,11.77,MR,2021-01-22 02:01:23
272,Mantua,45.1667,10.7833,39.0,98,100,1.99,IT,2021-01-22 02:01:24
273,Karpathos,35.507,27.2132,55.4,67,0,3.44,GR,2021-01-22 02:01:24
274,Kuching,1.55,110.3333,82.4,78,20,3.44,MY,2021-01-22 01:58:17
275,Zhangjiakou,40.81,114.8794,23.14,75,0,1.07,CN,2021-01-22 02:01:24
276,Kyra,49.5776,111.9753,1.8,84,37,2.19,RU,2021-01-22 02:01:24
277,Bonavista,48.6499,-53.1147,30.0,100,100,8.05,CA,2021-01-22 02:01:24
278,Caravelas,-17.7125,-39.2481,75.13,81,3,4.21,BR,2021-01-22 02:01:24
279,Marsa Matruh,31.3525,27.2453,48.2,76,0,6.24,EG,2021-01-22 02:01:25
280,Sambava,-14.2667,50.1667,78.49,85,100,1.57,MG,2021-01-22 02:01:25
281,Elat,29.5581,34.9482,50.0,66,0,11.5,IL,2021-01-22 02:01:25
282,Chegdomyn,51.1167,133.0167,-15.65,83,35,0.83,RU,2021-01-22 02:01:25
283,Sola,-13.8833,167.55,82.17,78,100,14.63,VU,2021-01-22 02:01:25
284,Pevek,69.7008,170.3133,-18.26,86,100,2.33,RU,2021-01-22 02:01:25
285,Muzhi,65.3667,64.6667,-40.72,81,92,9.19,RU,2021-01-22 02:01:26
286,Acari,-15.4311,-74.6158,72.72,69,43,3.85,PE,2021-01-22 02:01:26
287,Lom Sak,16.7798,101.2422,59.0,88,0,1.14,TH,2021-01-22 02:00:00
288,Cairns,-16.9167,145.7667,86.0,66,100,14.97,AU,2021-01-22 01:59:13
289,Magalia,39.8121,-121.5783,55.4,44,90,8.05,US,2021-01-22 02:01:26
290,Kommunisticheskiy,61.6789,64.4819,-18.22,87,100,8.88,RU,2021-01-22 02:01:26
291,Zyryanskoye,56.8306,86.6258,4.91,95,100,2.82,RU,2021-01-22 02:01:27
292,Chumikan,54.7183,135.315,-14.04,81,1,20.74,RU,2021-01-22 02:01:27
293,Irbil,36.1926,44.0106,30.2,93,0,6.91,IQ,2021-01-22 02:01:27
294,Ruwi,23.5996,58.5507,68.0,42,0,6.91,OM,2021-01-22 02:01:27
295,Szczytno,53.5626,20.9875,35.6,87,0,8.05,PL,2021-01-22 02:01:27
296,Muhos,64.808,25.9931,12.99,85,90,24.16,FI,2021-01-22 02:01:28
297,Vardo,70.3705,31.1107,22.37,95,100,22.44,NO,2021-01-22 02:01:28
298,Wamba,8.9333,8.6,69.87,23,100,3.4,NG,2021-01-22 02:01:28
299,Saint Anthony,45.0205,-93.218,15.8,57,1,14.97,US,2021-01-22 02:01:28
300,Alta Floresta,-9.8756,-56.0861,70.23,97,100,3.09,BR,2021-01-22 02:00:35
301,Nakambala,-15.8324,27.7799,65.75,96,100,3.24,ZM,2021-01-22 02:01:28
302,Kennett,36.2362,-90.0556,44.01,100,1,4.61,US,2021-01-22 02:01:28
303,Ouango,4.3133,22.5552,67.98,37,88,3.22,CF,2021-01-22 02:01:29
304,Llata,-9.4167,-76.7833,52.29,71,74,4.18,PE,2021-01-22 02:01:29
305,Sibu,2.3,111.8167,77.0,94,20,3.44,MY,2021-01-22 02:01:29
306,Fairbanks,64.8378,-147.7164,21.0,85,20,3.44,US,2021-01-22 02:00:00
307,Yablonovo,50.8523,37.3574,24.8,100,90,8.95,RU,2021-01-22 02:01:29
308,Rancharia,-22.2292,-50.8931,75.2,78,0,3.44,BR,2021-01-22 02:01:30
309,Maningrida,-12.0667,134.2667,83.68,76,100,11.23,AU,2021-01-22 02:01:30
310,Partizanskoye,55.5006,94.39,6.26,94,100,4.14,RU,2021-01-22 02:01:30
311,Hendek,40.7994,30.7481,37.4,81,40,2.3,TR,2021-01-22 02:01:30
312,Montepuez,-13.1256,38.9997,70.79,96,100,6.17,MZ,2021-01-22 02:01:30
313,Aktash,50.3,87.7333,2.93,86,53,6.26,RU,2021-01-22 02:01:30
314,Belaya Gora,68.5333,146.4167,-45.94,78,46,1.88,RU,2021-01-22 02:01:31
315,Vila Velha,-20.3297,-40.2925,77.0,88,40,3.44,BR,2021-01-22 01:56:42
316,Dinguiraye,11.3,-10.7167,65.41,25,99,1.66,GN,2021-01-22 02:01:31
317,Malakal,9.5334,31.6605,72.09,25,100,10.31,SS,2021-01-22 02:01:31
318,Bagan,54.1001,77.6646,-14.78,89,0,8.55,RU,2021-01-22 02:01:31
319,Hobyo,5.3505,48.5268,78.26,83,76,19.26,SO,2021-01-22 02:01:32
320,Strai,58.2,7.9,43.0,75,75,32.21,NO,2021-01-22 02:01:32
321,Bolotnoye,55.6717,84.3981,5.47,95,100,6.11,RU,2021-01-22 02:01:32
322,Bilma,18.6853,12.9164,58.77,32,0,8.48,NE,2021-01-22 02:01:32
323,Sao Miguel Do Araguaia,-13.275,-50.1628,74.28,77,95,0.96,BR,2021-01-22 02:01:32
324,Ust-Maya,60.4167,134.5333,-47.15,75,86,1.59,RU,2021-01-22 02:01:33
325,Zhongshu,24.5167,103.7667,48.79,87,96,2.24,CN,2021-01-22 02:01:22
326,Port-Gentil,-0.7193,8.7815,80.74,77,100,6.4,GA,2021-01-22 02:01:33
327,Mersing,2.4312,103.8405,77.0,88,40,2.3,MY,2021-01-22 02:01:33
328,Mabaruma,8.2,-59.7833,73.54,92,83,4.0,GY,2021-01-22 02:01:33
329,Touros,-5.1989,-35.4608,77.0,83,20,4.61,BR,2021-01-22 02:01:33
330,Kavieng,-2.5744,150.7967,84.11,62,97,6.73,PG,2021-01-22 02:01:33
331,Walvis Bay,-22.9575,14.5053,70.0,83,100,4.61,NA,2021-01-22 02:01:34
332,Jinxiang,27.4327,120.6062,63.59,85,61,7.65,CN,2021-01-22 02:01:34
333,Bolivar,37.6145,-93.4105,44.01,83,95,4.65,US,2021-01-22 01:57:33
334,Longyearbyen,78.2186,15.6401,12.2,62,0,12.66,SJ,2021-01-22 02:01:34
335,Pisco,-13.7,-76.2167,71.6,78,0,18.41,PE,2021-01-22 02:01:34
336,Dikson,73.5069,80.5464,-26.34,82,3,5.12,RU,2021-01-22 02:01:34
337,Christchurch,-43.5333,172.6333,68.0,56,91,14.97,NZ,2021-01-22 01:58:29
338,Vanino,49.0869,140.2543,2.73,74,9,5.48,RU,2021-01-22 02:01:35
339,Cidreira,-30.1811,-50.2056,74.23,85,99,18.52,BR,2021-01-22 02:01:35
340,Wagar,16.1525,36.2032,61.11,92,67,5.99,SD,2021-01-22 02:01:35
341,Guilin,25.2819,110.2864,59.0,67,75,5.93,CN,2021-01-22 02:01:35
342,Kita,13.0349,-9.4895,70.11,21,99,6.42,ML,2021-01-22 02:01:35
343,Ahar,38.4774,47.0699,16.36,80,0,5.68,IR,2021-01-22 02:01:36
344,Chokwe,-24.5333,32.9833,68.2,90,13,4.88,MZ,2021-01-22 02:01:36
345,Erenhot,43.6475,111.9767,9.54,89,0,6.35,CN,2021-01-22 02:01:36
346,Ornskoldsvik,63.2909,18.7153,24.8,100,90,5.75,SE,2021-01-22 02:01:36
347,Celestun,20.8667,-90.4,71.15,86,0,13.35,MX,2021-01-22 02:01:36
348,Palauig,15.435,119.9045,81.59,77,92,4.56,PH,2021-01-22 02:01:36
349,Chapais,49.7834,-74.8492,5.0,78,90,10.36,CA,2021-01-22 02:01:37
350,Colares,38.7992,-9.4469,59.0,100,55,25.01,PT,2021-01-22 02:01:37
351,Porto Belo,-27.1578,-48.5531,71.6,94,75,8.41,BR,2021-01-22 02:01:37
352,Hokitika,-42.7167,170.9667,61.63,74,29,13.91,NZ,2021-01-22 02:01:37
353,Sheltozero,61.3667,35.3667,6.75,92,100,15.41,RU,2021-01-22 02:01:37
354,La Palma,33.8464,-118.0467,63.0,59,1,3.44,US,2021-01-22 02:01:37
355,Akyab,20.15,92.9,67.69,76,0,7.16,MM,2021-01-22 02:01:38
356,Kununurra,-15.7667,128.7333,77.0,100,75,4.61,AU,2021-01-22 02:01:38
357,Mackay,-21.15,149.2,84.99,61,75,16.11,AU,2021-01-22 02:01:38
358,The Valley,18.217,-63.0578,77.0,83,2,1.01,AI,2021-01-22 01:56:48
359,Porto Walter,-8.2686,-72.7439,73.49,86,100,1.86,BR,2021-01-22 02:01:38
360,Mecca,21.4267,39.8261,70.72,31,0,9.62,SA,2021-01-22 02:01:38
361,Dodoma,-6.1722,35.7395,64.49,92,100,2.62,TZ,2021-01-22 02:01:38
362,Palmer,42.1584,-72.3287,28.99,71,0,4.34,US,2021-01-22 01:57:52
363,Half Moon Bay,37.4636,-122.4286,52.0,87,95,2.42,US,2021-01-22 01:57:27
364,Victoria,22.2855,114.1577,68.0,81,91,1.99,HK,2021-01-22 02:00:17
365,Pahrump,36.2083,-115.9839,54.0,46,0,1.01,US,2021-01-22 01:59:44
366,Kumba,4.6363,9.4469,72.34,90,100,1.03,CM,2021-01-22 02:01:39
367,Kurchum,48.5722,83.6542,18.07,94,94,2.91,KZ,2021-01-22 02:01:40
368,Neuquen,-38.9516,-68.0591,84.2,61,0,3.44,AR,2021-01-22 02:01:40
369,Port Moresby,-9.4431,147.1797,86.0,66,40,5.75,PG,2021-01-22 02:01:40
370,Ballinrobe,53.6333,-9.2333,39.0,89,25,5.99,IE,2021-01-22 02:01:40
371,Samarai,-10.6167,150.6667,85.59,70,94,5.19,PG,2021-01-22 02:01:40
372,Altay,47.8667,88.1167,22.24,85,73,4.41,CN,2021-01-22 02:01:40
373,Opuwo,-18.0607,13.84,62.35,86,100,8.97,NA,2021-01-22 02:01:40
374,Milkovo,54.7167,158.6167,3.18,90,53,0.83,RU,2021-01-22 02:01:41
375,Sparta,43.9441,-90.8129,24.8,54,98,16.11,US,2021-01-22 02:01:41
376,Vondrozo,-22.8167,47.2833,71.96,100,93,0.74,MG,2021-01-22 02:01:41
377,Raudeberg,61.9875,5.1352,39.99,81,97,6.11,NO,2021-01-22 02:01:41
378,Vila Franca Do Campo,37.7167,-25.4333,55.0,87,20,3.44,PT,2021-01-22 02:01:41
379,Nagato,34.3833,131.2,51.8,100,75,6.91,JP,2021-01-22 02:01:41
380,Ancud,-41.8697,-73.8203,64.4,82,0,2.3,CL,2021-01-22 02:01:42
381,Price,39.5994,-110.8107,35.6,64,1,0.65,US,2021-01-22 02:01:42
382,Port Hardy,50.6996,-127.4199,37.4,81,20,3.44,CA,2021-01-22 02:00:00
383,Darhan,49.4867,105.9228,7.25,89,86,2.73,MN,2021-01-22 02:01:42
384,Mandera,3.9366,41.867,80.02,60,1,11.12,KE,2021-01-22 02:01:42
385,Sarakhs,36.5449,61.1577,30.87,94,100,11.32,IR,2021-01-22 02:01:42
386,Leshukonskoye,64.8989,45.7622,-18.63,87,0,3.94,RU,2021-01-22 02:01:43
387,Qinggang,46.6833,126.0833,4.98,93,0,7.52,CN,2021-01-22 02:01:43
388,San Cristobal,7.7669,-72.225,77.0,88,40,4.61,VE,2021-01-22 02:01:40
389,Sheridan,44.8333,-106.9173,28.4,74,90,4.61,US,2021-01-22 01:58:15
390,Kargala,56.6208,83.9607,6.01,88,100,3.71,RU,2021-01-22 02:01:43
391,Hue,16.4667,107.6,68.0,94,90,4.61,VN,2021-01-22 02:01:43
392,Camana,-16.6228,-72.7111,71.2,77,89,9.1,PE,2021-01-22 02:01:44
393,Matveyev Kurgan,47.5645,38.8695,33.84,96,89,6.98,RU,2021-01-22 02:01:44
394,Saint George,37.1041,-113.5841,53.6,40,1,5.75,US,2021-01-22 02:01:44
395,Seymchan,62.8833,152.4333,-34.49,80,26,0.54,RU,2021-01-22 02:01:44
396,Chicama,-7.8447,-79.1469,70.93,77,83,5.68,PE,2021-01-22 02:01:44
397,Shelburne,44.0787,-80.2041,34.0,93,61,16.49,CA,2021-01-22 02:01:44
398,Kelvington,52.1667,-103.5343,10.4,85,81,9.22,CA,2021-01-22 02:01:45
399,Poronaysk,49.2167,143.1167,2.98,83,0,5.88,RU,2021-01-22 02:01:45
400,Paciran,-6.8767,112.3761,81.84,81,98,9.4,ID,2021-01-22 02:01:45
401,Sungaipenuh,-2.0833,101.3833,72.97,62,100,2.93,ID,2021-01-22 02:01:45
402,Zima,53.9202,102.0442,-3.35,90,93,6.24,RU,2021-01-22 02:01:45
403,Nara,34.6851,135.8049,46.4,93,75,1.14,JP,2021-01-22 01:58:36
404,Trairi,-3.2778,-39.2689,78.62,82,100,10.0,BR,2021-01-22 02:01:46
405,Soe,-9.8607,124.284,79.39,71,77,1.59,ID,2021-01-22 02:01:46
406,Korla,41.7597,86.1469,19.74,85,100,0.54,CN,2021-01-22 02:01:46
407,King City,36.2127,-121.126,55.0,53,100,15.01,US,2021-01-22 02:01:46
408,Inirida,3.8653,-67.9239,73.9,97,100,1.63,CO,2021-01-22 02:00:29
409,Tabou,4.423,-7.3528,78.13,86,3,7.36,CI,2021-01-22 02:01:46
410,Kerkini,41.2167,23.0833,45.0,88,100,3.04,GR,2021-01-22 02:01:46
411,Port Arthur,38.8,121.2667,28.4,86,90,8.95,CN,2021-01-22 02:01:47
412,Bay Roberts,47.5999,-53.2648,28.99,96,100,8.99,CA,2021-01-22 02:01:47
413,Conde,-7.2597,-34.9075,77.0,88,20,5.75,BR,2021-01-22 02:01:47
414,Udachnyy,66.4167,112.4,-56.87,53,64,3.09,RU,2021-01-22 02:01:47
415,Svetlyy,54.675,20.1347,37.4,81,0,8.95,RU,2021-01-22 02:01:47
416,Mogadishu,2.0371,45.3438,77.27,86,2,15.28,SO,2021-01-22 02:01:47
417,Savasleyka,55.4606,42.3207,6.64,95,100,2.42,RU,2021-01-22 02:01:48
418,Bridgetown,13.1,-59.6167,78.8,73,20,14.97,BB,2021-01-22 02:01:48
419,Portland,45.5234,-122.6762,45.0,70,75,6.91,US,2021-01-22 02:00:19
420,Vao,-22.6667,167.4833,75.07,79,77,18.21,NC,2021-01-22 02:01:48
421,Puri,19.8,85.85,60.8,88,7,8.25,IN,2021-01-22 02:01:48
422,Los Llanos De Aridane,28.6585,-17.9182,68.0,83,90,5.75,ES,2021-01-22 02:01:48
423,Sakhon Nakhon,17.1612,104.1472,68.0,83,4,5.75,TH,2021-01-22 02:01:48
424,Rio Branco,-9.9747,-67.81,77.0,88,75,4.61,BR,2021-01-22 02:01:49
425,Vestmannaeyjar,63.4427,-20.2734,29.82,89,50,24.61,IS,2021-01-22 02:01:49
426,Saint-Georges,12.0564,-61.7485,80.6,78,20,11.5,GD,2021-01-22 02:01:26
427,Manokwari,-0.8667,134.0833,83.07,71,100,4.97,ID,2021-01-22 02:01:02
428,Pacific Grove,36.6177,-121.9166,52.0,82,75,3.44,US,2021-01-22 01:57:50
429,Susangerd,31.5608,48.1831,41.0,65,0,6.91,IR,2021-01-22 02:01:50
430,Pangnirtung,66.1451,-65.7125,24.64,79,100,7.56,CA,2021-01-22 02:01:50
431,Ishigaki,24.3448,124.1572,73.4,94,75,13.8,JP,2021-01-22 02:00:13
432,Dalton,34.7698,-84.9702,46.4,93,75,4.61,US,2021-01-22 02:01:50
433,North Platte,41.1239,-100.7654,35.01,54,90,5.95,US,2021-01-22 02:01:50
434,Grand-Santi,4.25,-54.3833,72.45,97,100,2.95,GF,2021-01-22 02:01:50
435,Petropavlovsk-Kamchatskiy,53.0452,158.6483,12.2,62,14,4.47,RU,2021-01-22 02:01:50
436,Comodoro Rivadavia,-45.8667,-67.5,80.6,32,0,16.11,AR,2021-01-22 02:01:51
437,Kedougou,12.5579,-12.1743,72.03,20,79,3.02,SN,2021-01-22 02:01:51
438,Sergeyevka,53.88,67.4158,-14.22,89,54,8.23,KZ,2021-01-22 02:01:51
439,Lata,40.1629,-8.3327,57.99,87,100,18.01,PT,2021-01-22 02:01:51
440,Shingu,33.7333,135.9833,55.4,100,75,2.3,JP,2021-01-22 02:01:51
441,Namtsy,62.7161,129.6658,-58.0,51,90,2.73,RU,2021-01-22 02:01:51
442,Parkes,-33.1333,148.1833,91.99,33,0,1.01,AU,2021-01-22 02:01:51
443,Camopi,3.1655,-52.3158,71.74,97,100,2.24,GF,2021-01-22 02:01:52
444,Ostersund,63.1792,14.6357,30.0,100,75,12.66,SE,2021-01-22 02:00:37
445,Urumqi,43.801,87.6005,5.0,85,20,4.47,CN,2021-01-22 02:01:52
446,Bathsheba,13.2167,-59.5167,78.8,73,20,14.97,BB,2021-01-22 02:01:52
447,Pastos Bons,-6.6017,-44.0767,72.12,88,100,2.46,BR,2021-01-22 02:01:52
448,Platteville,42.7342,-90.4785,32.0,69,1,17.27,US,2021-01-22 02:01:53
449,Zhanaozen,43.3,52.8,17.58,92,11,3.27,KZ,2021-01-22 02:01:53
450,Nizwa,22.9333,57.5333,54.82,56,1,0.96,OM,2021-01-22 01:58:13
451,Praia,14.9215,-23.5087,69.8,78,40,18.41,CV,2021-01-22 02:00:39
452,Vostok,46.4856,135.8833,1.47,84,0,4.79,RU,2021-01-22 02:01:53
453,Belmonte,-15.8631,-38.8828,77.0,73,0,6.91,BR,2021-01-22 02:01:53
454,Kamenka,51.3223,42.7678,27.99,99,100,9.06,RU,2021-01-22 02:01:53
455,Port Hedland,-20.3167,118.5667,87.8,48,90,16.11,AU,2021-01-22 02:01:54
456,Konya,38.1667,32.5,23.0,80,0,3.44,TR,2021-01-22 01:58:59
457,Salacgriva,57.7536,24.3581,35.01,93,100,4.0,LV,2021-01-22 02:01:54
458,Necochea,-38.5473,-58.7368,75.0,64,0,8.01,AR,2021-01-22 02:01:54
459,Uray,60.1247,64.7758,-14.51,88,100,7.65,RU,2021-01-22 02:01:54
460,Koppa,13.5304,75.3633,62.51,64,1,2.68,IN,2021-01-22 02:01:55
461,Homer,59.6425,-151.5483,41.0,75,90,8.05,US,2021-01-22 02:01:55
462,Rebrikha,53.0733,82.3408,10.96,95,100,10.0,RU,2021-01-22 02:01:55
463,Coahuayana,18.7333,-103.6833,80.6,57,20,9.22,MX,2021-01-22 02:01:55
464,Izberbash,42.5696,47.8645,24.8,80,0,6.71,RU,2021-01-22 02:01:55
465,Bubaque,11.2833,-15.8333,77.72,67,100,9.71,GW,2021-01-22 02:01:55
466,Paamiut,61.994,-49.6678,24.15,86,1,4.38,GL,2021-01-22 02:01:55
467,Maumere,-8.6199,122.2111,85.17,69,82,8.21,ID,2021-01-22 02:01:56
468,Rio Grande,-32.035,-52.0986,72.0,81,73,1.99,BR,2021-01-22 02:01:56
469,Nizhniy Odes,63.6445,54.856,-12.12,90,100,4.63,RU,2021-01-22 02:01:56
470,Saint-Joseph,-21.3667,55.6167,80.6,78,0,2.3,RE,2021-01-22 02:01:56
471,Berlevag,70.8578,29.0864,22.77,92,100,23.96,NO,2021-01-22 02:01:56
472,Naze,28.3667,129.4833,68.0,88,75,11.5,JP,2021-01-22 02:01:56
473,Kahului,20.8947,-156.47,80.6,57,40,19.57,US,2021-01-22 01:59:29
474,Viedma,-40.8135,-62.9967,90.0,30,0,16.73,AR,2021-01-22 02:00:29
475,Sistranda,63.7256,8.834,41.0,56,20,21.85,NO,2021-01-22 02:01:57
476,Tacuarembo,-31.7333,-55.9833,69.1,71,0,12.3,UY,2021-01-22 02:01:57
477,Kangaatsiaq,68.3065,-53.4641,15.22,83,99,5.7,GL,2021-01-22 02:01:57
478,Popondetta,-8.7537,148.2534,84.27,75,100,5.21,PG,2021-01-22 02:01:57
479,Cayenne,4.9333,-52.3333,73.4,100,0,3.44,GF,2021-01-22 02:00:06
480,Adra,36.7496,-3.0206,59.0,77,0,20.71,ES,2021-01-22 02:01:58
481,Aasiaat,68.7098,-52.8699,14.88,83,100,5.59,GL,2021-01-22 02:01:58
482,Alofi,-19.0595,-169.9187,86.0,74,75,12.66,NU,2021-01-22 02:01:58
483,Puerto Penasco,31.3167,-113.5333,60.01,90,0,8.99,MX,2021-01-22 02:01:14
484,Guerrero Negro,27.9769,-114.0611,61.21,65,0,6.76,MX,2021-01-22 02:01:58
485,Straumen,63.8709,11.2999,41.0,56,0,12.66,NO,2021-01-22 02:01:58
486,Pundaguitan,6.3711,126.1689,82.94,74,60,8.1,PH,2021-01-22 02:01:58
487,Istok,42.7808,20.4875,39.2,70,75,9.22,XK,2021-01-22 02:01:10
488,Ostrovnoy,68.0531,39.5131,1.29,91,99,8.41,RU,2021-01-22 02:01:59
489,Isabela,6.7085,121.9711,80.6,83,75,4.61,PH,2021-01-22 02:01:59
490,Kvam,61.6656,9.6898,33.8,88,100,7.56,NO,2021-01-22 02:01:59
491,Mehriz,31.5917,54.4318,32.0,43,0,9.22,IR,2021-01-22 01:57:06
492,Egvekinot,66.3167,-179.1667,-11.85,92,100,16.71,RU,2021-01-22 02:01:59
493,Asau,46.4333,26.4,32.0,68,100,5.06,RO,2021-01-22 02:01:59
494,Paraiso,9.8383,-83.8656,71.6,64,0,8.05,CR,2021-01-22 02:02:00
495,La Rioja,42.25,-2.5,46.4,87,75,1.14,ES,2021-01-22 02:02:00
496,Kokopo,-4.352,152.2633,84.4,60,57,9.98,PG,2021-01-22 02:02:00
497,Talnakh,69.4865,88.3972,-40.63,77,6,2.71,RU,2021-01-22 02:02:00
498,Kaeo,-35.1,173.7833,73.99,49,83,10.0,NZ,2021-01-22 02:02:01
499,Pringsewu,-5.3582,104.9744,79.36,83,100,2.91,ID,2021-01-22 02:02:01
500,Aklavik,68.2191,-135.0107,1.4,85,63,4.61,CA,2021-01-22 02:02:01
501,La Dorada,5.4478,-74.6631,75.88,81,56,0.25,CO,2021-01-22 02:02:01
502,Dunedin,-45.8742,170.5036,59.29,66,99,8.16,NZ,2021-01-22 01:59:29
503,Kharp,66.8014,65.8081,-36.96,78,21,0.25,RU,2021-01-22 02:02:01
504,Miyoshi,35.0833,137.0667,48.0,81,75,9.22,JP,2021-01-22 02:02:01
505,Teya,60.3778,92.6267,-22.99,83,100,3.8,RU,2021-01-22 02:02:02
506,Two Rivers,44.1539,-87.5693,30.2,69,90,16.11,US,2021-01-22 02:02:02
507,Alamosa,37.4695,-105.87,23.0,80,90,3.44,US,2021-01-22 02:02:02
508,Auki,-8.7676,160.7034,85.75,59,85,11.01,SB,2021-01-22 02:02:03
509,Nisia Floresta,-6.0911,-35.2086,78.8,78,20,9.22,BR,2021-01-22 02:02:03
510,Doume,4.2333,13.45,62.08,40,29,2.15,CM,2021-01-22 02:02:03
511,Alugan,12.2188,125.4808,82.69,83,48,9.64,PH,2021-01-22 02:02:03
512,Bahia Honda,22.9036,-83.1592,68.0,84,45,7.61,CU,2021-01-22 02:02:03
513,Anadyr,64.75,177.4833,3.2,78,40,8.95,RU,2021-01-22 02:02:03
514,Erzin,36.9559,36.2,32.0,100,0,4.61,TR,2021-01-22 02:02:03
515,Ongole,15.5,80.05,73.11,92,24,2.57,IN,2021-01-22 01:59:06
516,Neiafu,-18.65,-173.9833,80.6,89,75,5.75,TO,2021-01-22 02:02:04
517,Vuktyl,63.8567,57.3094,-12.05,89,100,3.56,RU,2021-01-22 02:02:04
518,Coronel Oviedo,-25.4167,-56.45,72.91,98,26,3.38,PY,2021-01-22 02:02:04
519,Anloga,5.7947,0.8973,80.6,89,20,4.61,GH,2021-01-22 02:02:04
520,Aswan,24.0934,32.907,50.56,74,0,12.15,EG,2021-01-22 02:02:04
521,Hualmay,-11.0964,-77.6139,70.45,81,62,8.57,PE,2021-01-22 02:02:04
522,Sinazongwe,-17.2614,27.4618,73.71,87,100,6.89,ZM,2021-01-22 02:02:05
523,Ankang,32.68,109.0172,51.39,44,100,1.45,CN,2021-01-22 02:02:05
524,Waddan,29.1614,16.139,47.37,50,18,9.35,LY,2021-01-22 02:02:05
525,Talaya,61.3833,152.75,-27.83,78,52,1.28,RU,2021-01-22 02:02:05
526,Si Satchanalai,17.5169,99.7598,62.6,88,0,2.3,TH,2021-01-22 02:02:05
527,Bocas Del Toro,9.3333,-82.25,78.21,77,69,5.03,PA,2021-01-22 02:02:05
528,Zyryanka,65.75,150.85,-40.38,79,37,3.31,RU,2021-01-22 02:02:06
529,Kirakira,-10.4544,161.9205,84.99,67,99,11.39,SB,2021-01-22 02:02:06
530,Volot,57.9278,30.7025,31.08,98,100,9.71,RU,2021-01-22 02:02:06
531,Keetmanshoop,-26.5833,18.1333,84.49,32,98,8.7,NA,2021-01-22 02:02:06
532,Mayskiy,47.6931,40.1025,17.6,86,75,4.47,RU,2021-01-22 02:02:06
533,Ames,42.0347,-93.6199,33.8,60,40,14.97,US,2021-01-22 02:00:42
534,Ebebiyin,2.1511,11.3353,68.9,95,99,2.35,GQ,2021-01-22 02:02:06
535,Yerofey Pavlovich,53.9667,121.9667,-16.02,80,0,1.45,RU,2021-01-22 02:02:07
536,Flin Flon,54.7682,-101.865,-0.31,93,100,5.97,CA,2021-01-22 02:02:07
537,Buraydah,26.326,43.975,39.2,75,0,3.44,SA,2021-01-22 02:02:07
538,Rundu,-17.9333,19.7667,66.74,96,100,3.38,NA,2021-01-22 02:02:07
539,Ulladulla,-35.35,150.4667,91.4,25,0,6.91,AU,2021-01-22 02:02:07
540,Bohuslav,49.5494,30.8744,27.93,97,85,11.7,UA,2021-01-22 02:02:08
541,Boa Vista,2.8197,-60.6733,82.4,65,0,8.05,BR,2021-01-22 02:00:12
542,Wajima,37.4,136.9,44.6,100,75,1.14,JP,2021-01-22 02:02:08
543,Myitkyina,25.3833,97.4,57.38,78,11,3.11,MM,2021-01-22 02:02:08
544,Nishihara,26.1842,127.7558,68.0,94,75,19.57,JP,2021-01-22 02:02:08
545,Labuan,5.2767,115.2417,80.6,89,40,2.3,MY,2021-01-22 01:57:11
546,Plaster Rock,46.9065,-67.39,6.8,78,1,3.44,CA,2021-01-22 02:02:08
547,Blind River,46.1834,-82.9582,32.0,80,90,13.8,CA,2021-01-22 02:02:08
548,Takoradi,4.8845,-1.7554,78.49,86,100,6.24,GH,2021-01-22 02:02:09
549,Noumea,-22.2763,166.4572,84.2,61,0,19.57,NC,2021-01-22 02:02:09
550,Esso,55.9333,158.7,7.14,78,83,1.23,RU,2021-01-22 02:02:09
551,Cabo San Lucas,22.8909,-109.9124,71.6,83,75,5.75,MX,2021-01-22 02:01:41
552,Canon City,38.441,-105.2424,42.8,42,75,10.36,US,2021-01-22 02:02:09
553,Karratha,-20.7377,116.8463,91.47,42,100,7.58,AU,2021-01-22 02:02:09
554,Sabha,27.0377,14.4283,45.28,53,0,9.64,LY,2021-01-22 02:02:10
555,Kati,12.7441,-8.0726,71.6,24,0,9.22,ML,2021-01-22 02:02:10
556,Jabinyanah,35.035,10.9081,44.6,57,40,10.31,TN,2021-01-22 02:02:10
557,Mitu,1.1983,-70.1733,72.57,97,100,1.39,CO,2021-01-22 02:02:10
558,Araouane,18.9048,-3.5265,61.81,24,24,12.75,ML,2021-01-22 02:02:10
559,Chhindwara,22.0667,78.9333,57.33,36,19,5.61,IN,2021-01-22 02:01:29
560,Manta,-0.95,-80.7333,78.8,83,75,3.44,EC,2021-01-22 02:01:30
561,Rio Gallegos,-51.6226,-69.2181,59.0,29,0,14.97,AR,2021-01-22 02:02:11
562,Labuhan,-6.8844,112.2051,81.41,81,100,8.72,ID,2021-01-22 02:02:11
563,Volksrust,-27.3654,29.8818,55.72,95,40,2.46,ZA,2021-01-22 02:02:11
564,Kayerkan,69.3497,87.7602,-40.23,76,1,3.04,RU,2021-01-22 02:02:11
565,Fauske,67.2588,15.3918,19.4,63,75,42.57,NO,2021-01-22 02:02:12
566,Beyneu,45.3167,55.2,13.44,91,100,11.32,KZ,2021-01-22 02:02:12
567,Saldanha,-33.0117,17.9442,69.8,68,0,8.05,ZA,2021-01-22 02:02:12
568,Moindou,-21.6924,165.677,84.2,61,0,19.57,NC,2021-01-22 02:02:12
569,Honiara,-9.4333,159.95,85.96,59,48,8.03,SB,2021-01-22 02:02:12
570,Dourbali,11.8091,15.8632,62.26,29,48,12.39,TD,2021-01-22 02:02:12
